x,U_ML_Thomas,U_exact
-6,0,0
-5.99494,0,0
-5.98987,0,0
-5.98481,0,0
-5.97975,0,0
-5.97468,0,0
-5.96962,0,0
-5.96456,0,0
-5.95949,0,0
-5.95443,0,0
-5.94937,0,0
-5.9443,0,0
-5.93924,0,0
-5.93418,0,0
-5.92911,0,0
-5.92405,0,0
-5.91899,0,0
-5.91392,0,0
-5.90886,0,0
-5.9038,0,0
-5.89873,0,0
-5.89367,0,0
-5.88861,0,0
-5.88354,0,0
-5.87848,0,0
-5.87342,0,0
-5.86835,0,0
-5.86329,0,0
-5.85823,0,0
-5.85316,0,0
-5.8481,0,0
-5.84304,0,0
-5.83797,0,0
-5.83291,0,0
-5.82785,0,0
-5.82278,0,0
-5.81772,0,0
-5.81266,0,0
-5.80759,0,0
-5.80253,0,0
-5.79747,0,0
-5.79241,0,0
-5.78734,0,0
-5.78228,0,0
-5.77722,0,0
-5.77215,0,0
-5.76709,0,0
-5.76203,0,0
-5.75696,0,0
-5.7519,0,0
-5.74684,0,0
-5.74177,0,0
-5.73671,0,0
-5.73165,0,0
-5.72658,0,0
-5.72152,0,0
-5.71646,0,0
-5.71139,0,0
-5.70633,0,0
-5.70127,0,0
-5.6962,0,0
-5.69114,0,0
-5.68608,0,0
-5.68101,0,0
-5.67595,0,0
-5.67089,0,0
-5.66582,0,0
-5.66076,0,0
-5.6557,0,0
-5.65063,0,0
-5.64557,0,0
-5.64051,0,0
-5.63544,0,0
-5.63038,0,0
-5.62532,0,0
-5.62025,0,0
-5.61519,0,0
-5.61013,0,0
-5.60506,0,0
-5.6,0,0
-5.59494,0,0
-5.58987,0,0
-5.58481,0,0
-5.57975,0,0
-5.57468,0,0
-5.56962,0,0
-5.56456,0,0
-5.55949,0,0
-5.55443,0,0
-5.54937,0,0
-5.5443,0,0
-5.53924,0,0
-5.53418,0,0
-5.52911,0,0
-5.52405,0,0
-5.51899,0,0
-5.51392,0,0
-5.50886,0,0
-5.5038,0,0
-5.49873,0,0
-5.49367,0,0
-5.48861,0,0
-5.48354,0,0
-5.47848,0,0
-5.47342,0,0
-5.46835,0,0
-5.46329,0,0
-5.45823,0,0
-5.45316,0,0
-5.4481,0,0
-5.44304,0,0
-5.43797,0,0
-5.43291,0,0
-5.42785,0,0
-5.42278,0,0
-5.41772,0,0
-5.41266,0,0
-5.40759,0,0
-5.40253,0,0
-5.39747,0,0
-5.39241,0,0
-5.38734,0,0
-5.38228,0,0
-5.37722,0,0
-5.37215,0,0
-5.36709,0,0
-5.36203,0,0
-5.35696,0,0
-5.3519,0,0
-5.34684,0,0
-5.34177,0,0
-5.33671,0,0
-5.33165,0,0
-5.32658,0,0
-5.32152,0,0
-5.31646,0,0
-5.31139,0,0
-5.30633,0,0
-5.30127,0,0
-5.2962,0,0
-5.29114,0,0
-5.28608,0,0
-5.28101,0,0
-5.27595,0,0
-5.27089,0,0
-5.26582,0,0
-5.26076,0,0
-5.2557,0,0
-5.25063,0,0
-5.24557,0,0
-5.24051,0,0
-5.23544,0,0
-5.23038,0,0
-5.22532,0,0
-5.22025,0,0
-5.21519,0,0
-5.21013,0,0
-5.20506,0,0
-5.2,0,0
-5.19494,0,0
-5.18987,0,0
-5.18481,0,0
-5.17975,0,0
-5.17468,0,0
-5.16962,0,0
-5.16456,0,0
-5.15949,0,0
-5.15443,0,0
-5.14937,0,0
-5.1443,0,0
-5.13924,0,0
-5.13418,0,0
-5.12911,0,0
-5.12405,0,0
-5.11899,0,0
-5.11392,0,0
-5.10886,0,0
-5.1038,0,0
-5.09873,0,0
-5.09367,0,0
-5.08861,0,0
-5.08354,0,0
-5.07848,0,0
-5.07342,0,0
-5.06835,0,0
-5.06329,0,0
-5.05823,0,0
-5.05316,0,0
-5.0481,0,0
-5.04304,0,0
-5.03797,0,0
-5.03291,0,0
-5.02785,0,0
-5.02278,0,0
-5.01772,0,0
-5.01266,0,0
-5.00759,0,0
-5.00253,0,0
-4.99747,0,0
-4.99241,0,0
-4.98734,0,0
-4.98228,0,0
-4.97722,0,0
-4.97215,0,0
-4.96709,0,0
-4.96203,0,0
-4.95696,0,0
-4.9519,0,0
-4.94684,0,0
-4.94177,0,0
-4.93671,0,0
-4.93165,0,0
-4.92658,0,0
-4.92152,0,0
-4.91646,0,0
-4.91139,0,0
-4.90633,0,0
-4.90127,0,0
-4.8962,0,0
-4.89114,0,0
-4.88608,0,0
-4.88101,0,0
-4.87595,0,0
-4.87089,0,0
-4.86582,0,0
-4.86076,0,0
-4.8557,0,0
-4.85063,0,0
-4.84557,0,0
-4.84051,0,0
-4.83544,0,0
-4.83038,0,0
-4.82532,0,0
-4.82025,0,0
-4.81519,0,0
-4.81013,0,0
-4.80506,0,0
-4.8,0,0
-4.79494,0,0
-4.78987,0,0
-4.78481,0,0
-4.77975,0,0
-4.77468,0,0
-4.76962,0,0
-4.76456,0,0
-4.75949,0,0
-4.75443,0,0
-4.74937,0,0
-4.7443,0,0
-4.73924,0,0
-4.73418,0,0
-4.72911,0,0
-4.72405,0,0
-4.71899,0,0
-4.71392,0,0
-4.70886,0,0
-4.7038,0,0
-4.69873,0,0
-4.69367,0,0
-4.68861,0,0
-4.68354,0,0
-4.67848,0,0
-4.67342,0,0
-4.66835,0,0
-4.66329,0,0
-4.65823,0,0
-4.65316,0,0
-4.6481,0,0
-4.64304,0,0
-4.63797,0,0
-4.63291,0,0
-4.62785,0,0
-4.62278,0,0
-4.61772,0,0
-4.61266,0,0
-4.60759,0,0
-4.60253,0,0
-4.59747,0,0
-4.59241,0,0
-4.58734,0,0
-4.58228,0,0
-4.57722,0,0
-4.57215,0,0
-4.56709,0,0
-4.56203,0,0
-4.55696,0,0
-4.5519,0,0
-4.54684,0,0
-4.54177,0,0
-4.53671,0,0
-4.53165,0,0
-4.52658,0,0
-4.52152,0,0
-4.51646,0,0
-4.51139,0,0
-4.50633,0,0
-4.50127,0,0
-4.4962,0,0
-4.49114,0,0
-4.48608,0,0
-4.48101,0,0
-4.47595,0,0
-4.47089,0,0
-4.46582,0,0
-4.46076,0,0
-4.4557,0,0
-4.45063,0,0
-4.44557,0,0
-4.44051,0,0
-4.43544,0,0
-4.43038,0,0
-4.42532,0,0
-4.42025,0,0
-4.41519,0,0
-4.41013,0,0
-4.40506,0,0
-4.4,0,0
-4.39494,0,0
-4.38987,0,0
-4.38481,0,0
-4.37975,0,0
-4.37468,0,0
-4.36962,0,0
-4.36456,0,0
-4.35949,0,0
-4.35443,0,0
-4.34937,0,0
-4.3443,0,0
-4.33924,0,0
-4.33418,0,0
-4.32911,0,0
-4.32405,0,0
-4.31899,0,0
-4.31392,0,0
-4.30886,0,0
-4.3038,0,0
-4.29873,0,0
-4.29367,0,0
-4.28861,0,0
-4.28354,0,0
-4.27848,0,0
-4.27342,0,0
-4.26835,0,0
-4.26329,0,0
-4.25823,0,0
-4.25316,0,0
-4.2481,0,0
-4.24304,0,0
-4.23797,0,0
-4.23291,0,0
-4.22785,0,0
-4.22278,0,0
-4.21772,0,0
-4.21266,0,0
-4.20759,0,0
-4.20253,0,0
-4.19747,0,0
-4.19241,0,0
-4.18734,0,0
-4.18228,0,0
-4.17722,0,0
-4.17215,0,0
-4.16709,0,0
-4.16203,0,0
-4.15696,0,0
-4.1519,0,0
-4.14684,0,0
-4.14177,0,0
-4.13671,0,0
-4.13165,0,0
-4.12658,0,0
-4.12152,0,0
-4.11646,0,0
-4.11139,0,0
-4.10633,0,0
-4.10127,0,0
-4.0962,0,0
-4.09114,0,0
-4.08608,0,0
-4.08101,0,0
-4.07595,0,0
-4.07089,0,0
-4.06582,0,0
-4.06076,0,0
-4.0557,0,0
-4.05063,0,0
-4.04557,0,0
-4.04051,0,0
-4.03544,0,0
-4.03038,0,0
-4.02532,0,0
-4.02025,0,0
-4.01519,0,0
-4.01013,0,0
-4.00506,0,0
-4,0,0
-3.99494,0,0
-3.98987,0,0
-3.98481,0,0
-3.97975,0,0
-3.97468,0,0
-3.96962,0,0
-3.96456,0,0
-3.95949,0,0
-3.95443,0,0
-3.94937,0,0
-3.9443,0,0
-3.93924,0,0
-3.93418,0,0
-3.92911,0,0
-3.92405,0,0
-3.91899,0,0
-3.91392,0,0
-3.90886,0,0
-3.9038,0,0
-3.89873,0,0
-3.89367,0,0
-3.88861,0,0
-3.88354,0,0
-3.87848,0,0
-3.87342,0,0
-3.86835,0,0
-3.86329,0,0
-3.85823,0,0
-3.85316,0,0
-3.8481,0,0
-3.84304,0,0
-3.83797,0,0
-3.83291,0,0
-3.82785,0,0
-3.82278,0,0
-3.81772,0,0
-3.81266,0,0
-3.80759,0,0
-3.80253,0,0
-3.79747,0,0
-3.79241,0,0
-3.78734,0,0
-3.78228,0,0
-3.77722,0,0
-3.77215,0,0
-3.76709,0,0
-3.76203,0,0
-3.75696,0,0
-3.7519,0,0
-3.74684,0,0
-3.74177,0,0
-3.73671,0,0
-3.73165,0,0
-3.72658,0,0
-3.72152,0,0
-3.71646,0,0
-3.71139,0,0
-3.70633,0,0
-3.70127,0,0
-3.6962,0,0
-3.69114,0,0
-3.68608,0,0
-3.68101,0,0
-3.67595,0,0
-3.67089,0,0
-3.66582,0,0
-3.66076,0,0
-3.6557,0,0
-3.65063,0,0
-3.64557,0,0
-3.64051,0,0
-3.63544,0,0
-3.63038,0,0
-3.62532,0,0
-3.62025,0,0
-3.61519,0,0
-3.61013,0,0
-3.60506,0,0
-3.6,0,0
-3.59494,0,0
-3.58987,0,0
-3.58481,0,0
-3.57975,0,0
-3.57468,0,0
-3.56962,0,0
-3.56456,0,0
-3.55949,0,0
-3.55443,0,0
-3.54937,0,0
-3.5443,0,0
-3.53924,0,0
-3.53418,0,0
-3.52911,0,0
-3.52405,0,0
-3.51899,0,0
-3.51392,0,0
-3.50886,0,0
-3.5038,0,0
-3.49873,0,0
-3.49367,0,0
-3.48861,0,0
-3.48354,0,0
-3.47848,0,0
-3.47342,0,0
-3.46835,0,0
-3.46329,0,0
-3.45823,0,0
-3.45316,0,0
-3.4481,0,0
-3.44304,0,0
-3.43797,0,0
-3.43291,0,0
-3.42785,0,0
-3.42278,0,0
-3.41772,0,0
-3.41266,0,0
-3.40759,0,0
-3.40253,0,0
-3.39747,0,0
-3.39241,0,0
-3.38734,0,0
-3.38228,0,0
-3.37722,0,0
-3.37215,0,0
-3.36709,0,0
-3.36203,0,0
-3.35696,0,0
-3.3519,0,0
-3.34684,0,0
-3.34177,0,0
-3.33671,0,0
-3.33165,0,0
-3.32658,0,0
-3.32152,0,0
-3.31646,0,0
-3.31139,0,0
-3.30633,0,0
-3.30127,0,0
-3.2962,0,0
-3.29114,0,0
-3.28608,0,0
-3.28101,0,0
-3.27595,0,0
-3.27089,0,0
-3.26582,0,0
-3.26076,0,0
-3.2557,0,0
-3.25063,0,0
-3.24557,0,0
-3.24051,0,0
-3.23544,0,0
-3.23038,0,0
-3.22532,0,0
-3.22025,0,0
-3.21519,0,0
-3.21013,0,0
-3.20506,0,0
-3.2,0,0
-3.19494,0,0
-3.18987,0,0
-3.18481,0,0
-3.17975,0,0
-3.17468,0,0
-3.16962,0,0
-3.16456,0,0
-3.15949,0,0
-3.15443,0,0
-3.14937,0,0
-3.1443,0,0
-3.13924,0,0
-3.13418,0,0
-3.12911,0,0
-3.12405,0,0
-3.11899,0,0
-3.11392,0,0
-3.10886,0,0
-3.1038,0,0
-3.09873,0,0
-3.09367,0,0
-3.08861,0,0
-3.08354,0,0
-3.07848,0,0
-3.07342,0,0
-3.06835,0,0
-3.06329,0,0
-3.05823,0,0
-3.05316,0,0
-3.0481,0,0
-3.04304,0,0
-3.03797,0,0
-3.03291,0,0
-3.02785,0,0
-3.02278,0,0
-3.01772,0,0
-3.01266,0,0
-3.00759,0,0
-3.00253,0,0
-2.99747,0,0
-2.99241,0,0
-2.98734,0,0
-2.98228,0,0
-2.97722,0,0
-2.97215,0,0
-2.96709,0,0
-2.96203,0,0
-2.95696,0,0
-2.9519,0,0
-2.94684,0,0
-2.94177,0,0
-2.93671,0,0
-2.93165,0,0
-2.92658,0,0
-2.92152,0,0
-2.91646,0,0
-2.91139,0,0
-2.90633,0,0
-2.90127,0,0
-2.8962,0,0
-2.89114,0,0
-2.88608,0,0
-2.88101,0,0
-2.87595,0,0
-2.87089,0,0
-2.86582,0,0
-2.86076,0,0
-2.8557,0,0
-2.85063,0,0
-2.84557,0,0
-2.84051,0,0
-2.83544,0,0
-2.83038,0,0
-2.82532,0,0
-2.82025,0,0
-2.81519,0,0
-2.81013,0,0
-2.80506,0,0
-2.8,0,0
-2.79494,0,0
-2.78987,0,0
-2.78481,0,0
-2.77975,0,0
-2.77468,0,0
-2.76962,0,0
-2.76456,0,0
-2.75949,0,0
-2.75443,0,0
-2.74937,0,0
-2.7443,0,0
-2.73924,0,0
-2.73418,0,0
-2.72911,0,0
-2.72405,0,0
-2.71899,0,0
-2.71392,0,0
-2.70886,0,0
-2.7038,0,0
-2.69873,0,0
-2.69367,0,0
-2.68861,0,0
-2.68354,0,0
-2.67848,0,0
-2.67342,0,0
-2.66835,0,0
-2.66329,0,0
-2.65823,0,0
-2.65316,0,0
-2.6481,0,0
-2.64304,0,0
-2.63797,0,0
-2.63291,0,0
-2.62785,0,0
-2.62278,0,0
-2.61772,0,0
-2.61266,0,0
-2.60759,0,0
-2.60253,0,0
-2.59747,0,0
-2.59241,0,0
-2.58734,0,0
-2.58228,0,0
-2.57722,0,0
-2.57215,0,0
-2.56709,0,0
-2.56203,0,0
-2.55696,0,0
-2.5519,0,0
-2.54684,0,0
-2.54177,0,0
-2.53671,0,0
-2.53165,0,0
-2.52658,0,0
-2.52152,0,0
-2.51646,0,0
-2.51139,0,0
-2.50633,0,0
-2.50127,0,0
-2.4962,0,0
-2.49114,0,0
-2.48608,0,0
-2.48101,0,0
-2.47595,0,0
-2.47089,0,0
-2.46582,0,0
-2.46076,0,0
-2.4557,0,0
-2.45063,0,0
-2.44557,0,0
-2.44051,0,0
-2.43544,0,0
-2.43038,0,0
-2.42532,0,0
-2.42025,0,0
-2.41519,0,0
-2.41013,0,0
-2.40506,0,0
-2.4,0,0
-2.39494,0,0
-2.38987,0,0
-2.38481,0,0
-2.37975,0,0
-2.37468,0,0
-2.36962,0,0
-2.36456,0,0
-2.35949,0,0
-2.35443,0,0
-2.34937,0,0
-2.3443,0,0
-2.33924,0,0
-2.33418,0,0
-2.32911,0,0
-2.32405,0,0
-2.31899,0,0
-2.31392,0,0
-2.30886,0,0
-2.3038,0,0
-2.29873,0,0
-2.29367,0,0
-2.28861,0,0
-2.28354,0,0
-2.27848,0,0
-2.27342,0,0
-2.26835,0,0
-2.26329,0,0
-2.25823,0,0
-2.25316,0,0
-2.2481,0,0
-2.24304,0,0
-2.23797,0,0
-2.23291,0,0
-2.22785,0,0
-2.22278,0,0
-2.21772,0,0
-2.21266,0,0
-2.20759,0,0
-2.20253,0,0
-2.19747,0,0
-2.19241,0,0
-2.18734,0,0
-2.18228,0,0
-2.17722,0,0
-2.17215,0,0
-2.16709,0,0
-2.16203,0,0
-2.15696,0,0
-2.1519,0,0
-2.14684,0,0
-2.14177,0,0
-2.13671,0,0
-2.13165,0,0
-2.12658,0,0
-2.12152,0,0
-2.11646,0,0
-2.11139,0,0
-2.10633,0,0
-2.10127,0,0
-2.0962,0,0
-2.09114,0,0
-2.08608,0,0
-2.08101,0,0
-2.07595,0,0
-2.07089,0,0
-2.06582,0,0
-2.06076,0,0
-2.0557,0,0
-2.05063,0,0
-2.04557,0,0
-2.04051,0,0
-2.03544,0,0
-2.03038,0,0
-2.02532,0,0
-2.02025,0,0
-2.01519,0,0
-2.01013,0,0
-2.00506,0,0
-2,0,0
-1.99494,0,0
-1.98987,0,0
-1.98481,0,0
-1.97975,0,0
-1.97468,0,0
-1.96962,0,0
-1.96456,0,0
-1.95949,0,0
-1.95443,0,0
-1.94937,0,0
-1.9443,0,0
-1.93924,0,0
-1.93418,0,0
-1.92911,0,0
-1.92405,0,0
-1.91899,0,0
-1.91392,0,0
-1.90886,0,0
-1.9038,0,0
-1.89873,0,0
-1.89367,0,0
-1.88861,0,0
-1.88354,0,0
-1.87848,0,0
-1.87342,0,0
-1.86835,0,0
-1.86329,0,0
-1.85823,0,0
-1.85316,0,0
-1.8481,0,0
-1.84304,0,0
-1.83797,0,0
-1.83291,0,0
-1.82785,0,0
-1.82278,0,0
-1.81772,0,0
-1.81266,0,0
-1.80759,0,0
-1.80253,0,0
-1.79747,0,0
-1.79241,0,0
-1.78734,0,0
-1.78228,0,0
-1.77722,0,0
-1.77215,0,0
-1.76709,0,0
-1.76203,0,0
-1.75696,0,0
-1.7519,0,0
-1.74684,0,0
-1.74177,0,0
-1.73671,0,0
-1.73165,0,0
-1.72658,0,0
-1.72152,0,0
-1.71646,0,0
-1.71139,0,0
-1.70633,0,0
-1.70127,0,0
-1.6962,0,0
-1.69114,0,0
-1.68608,0,0
-1.68101,0,0
-1.67595,0,0
-1.67089,0,0
-1.66582,0,0
-1.66076,0,0
-1.6557,0,0
-1.65063,0,0
-1.64557,0,0
-1.64051,0,0
-1.63544,0,0
-1.63038,0,0
-1.62532,0,0
-1.62025,0,0
-1.61519,0,0
-1.61013,0,0
-1.60506,0,0
-1.6,0,0
-1.59494,0,0
-1.58987,0,0
-1.58481,0,0
-1.57975,0,0
-1.57468,0,0
-1.56962,0,0
-1.56456,0,0
-1.55949,0,0
-1.55443,0,0
-1.54937,0,0
-1.5443,0,0
-1.53924,0,0
-1.53418,0,0
-1.52911,0,0
-1.52405,0,0
-1.51899,0,0
-1.51392,0,0
-1.50886,0,0
-1.5038,0,0
-1.49873,0,0
-1.49367,0,0
-1.48861,0,0
-1.48354,0,0
-1.47848,0,0
-1.47342,0,0
-1.46835,0,0
-1.46329,0,0
-1.45823,0,0
-1.45316,0,0
-1.4481,0,0
-1.44304,0,0
-1.43797,0,0
-1.43291,0,0
-1.42785,0,0
-1.42278,0,0
-1.41772,0,0
-1.41266,0,0
-1.40759,0,0
-1.40253,0,0
-1.39747,0,0
-1.39241,0,0
-1.38734,0,0
-1.38228,0,0
-1.37722,0,0
-1.37215,0,0
-1.36709,0,0
-1.36203,0,0
-1.35696,0,0
-1.3519,0,0
-1.34684,0,0
-1.34177,0,0
-1.33671,0,0
-1.33165,0,0
-1.32658,0,0
-1.32152,0,0
-1.31646,0,0
-1.31139,0,0
-1.30633,0,0
-1.30127,0,0
-1.2962,0,0
-1.29114,0,0
-1.28608,0,0
-1.28101,0,0
-1.27595,0,0
-1.27089,0,0
-1.26582,0,0
-1.26076,0,0
-1.2557,0,0
-1.25063,0,0
-1.24557,0,0
-1.24051,0,0
-1.23544,0,0
-1.23038,0,0
-1.22532,0,0
-1.22025,0,0
-1.21519,0,0
-1.21013,0,0
-1.20506,0,0
-1.2,0,0
-1.19494,0,0
-1.18987,0,0
-1.18481,0,0
-1.17975,0,0
-1.17468,0,0
-1.16962,0,0
-1.16456,0,0
-1.15949,0,0
-1.15443,0,0
-1.14937,0,0
-1.1443,0,0
-1.13924,0,0
-1.13418,0,0
-1.12911,0,0
-1.12405,0,0
-1.11899,0,0
-1.11392,0,0
-1.10886,0,0
-1.1038,0,0
-1.09873,0,0
-1.09367,0,0
-1.08861,0,0
-1.08354,0,0
-1.07848,0,0
-1.07342,0,0
-1.06835,0,0
-1.06329,0,0
-1.05823,0,0
-1.05316,0,0
-1.0481,0,0
-1.04304,0,0
-1.03797,0,0
-1.03291,0,0
-1.02785,0,0
-1.02278,0,0
-1.01772,0,0
-1.01266,0,0
-1.00759,0,0
-1.00253,0,0
-0.997468,0,0
-0.992405,0,0
-0.987342,0,0
-0.982278,0,0
-0.977215,0,0
-0.972152,0,0
-0.967089,0,0
-0.962025,0,0
-0.956962,0,0
-0.951899,0,0
-0.946835,0,0
-0.941772,0,0
-0.936709,0,0
-0.931646,0,0
-0.926582,0,0
-0.921519,0,0
-0.916456,0,0
-0.911392,0,0
-0.906329,0,0
-0.901266,0,0
-0.896203,0,0
-0.891139,0,0
-0.886076,0,0
-0.881013,0,0
-0.875949,0,0
-0.870886,0,0
-0.865823,0,0
-0.860759,0,0
-0.855696,0,0
-0.850633,0,0
-0.84557,0,0
-0.840506,0,0
-0.835443,0,0
-0.83038,0,0
-0.825316,0,0
-0.820253,0,0
-0.81519,0,0
-0.810127,0,0
-0.805063,0,0
-0.8,0,0
-0.794937,0,0
-0.789873,0,0
-0.78481,0,0
-0.779747,0,0
-0.774684,0,0
-0.76962,0,0
-0.764557,0,0
-0.759494,0,0
-0.75443,0,0
-0.749367,0,0
-0.744304,0,0
-0.739241,0,0
-0.734177,0,0
-0.729114,0,0
-0.724051,0,0
-0.718987,0,0
-0.713924,0,0
-0.708861,0,0
-0.703797,0,0
-0.698734,0,0
-0.693671,0,0
-0.688608,0,0
-0.683544,0,0
-0.678481,0,0
-0.673418,0,0
-0.668354,0,0
-0.663291,0,0
-0.658228,0,0
-0.653165,0,0
-0.648101,0,0
-0.643038,0,0
-0.637975,0,0
-0.632911,0,0
-0.627848,0,0
-0.622785,0,0
-0.617722,0,0
-0.612658,0,0
-0.607595,0,0
-0.602532,0,0
-0.597468,0,0
-0.592405,0,0
-0.587342,0,0
-0.582278,0,0
-0.577215,0,0
-0.572152,0,0
-0.567089,0,0
-0.562025,0,0
-0.556962,0,0
-0.551899,0,0
-0.546835,0,0
-0.541772,0,0
-0.536709,0,0
-0.531646,0,0
-0.526582,0,0
-0.521519,0,0
-0.516456,0,0
-0.511392,0,0
-0.506329,0,0
-0.501266,0,0
-0.496203,0,0
-0.491139,0,0
-0.486076,0,0
-0.481013,0,0
-0.475949,0,0
-0.470886,0,0
-0.465823,0,0
-0.460759,0,0
-0.455696,0,0
-0.450633,0,0
-0.44557,0,0
-0.440506,0,0
-0.435443,0,0
-0.43038,0,0
-0.425316,0,0
-0.420253,0,0
-0.41519,0,0
-0.410127,0,0
-0.405063,0,0
-0.4,0,0
-0.394937,0,0
-0.389873,0,0
-0.38481,0,0
-0.379747,0,0
-0.374684,0,0
-0.36962,0,0
-0.364557,0,0
-0.359494,0,0
-0.35443,0,0
-0.349367,0,0
-0.344304,0,0
-0.339241,0,0
-0.334177,0,0
-0.329114,0,0
-0.324051,0,0
-0.318987,0,0
-0.313924,0,0
-0.308861,0,0
-0.303797,0,0
-0.298734,0,0
-0.293671,0,0
-0.288608,0,0
-0.283544,0,0
-0.278481,0,0
-0.273418,0,0
-0.268354,0,0
-0.263291,0,0
-0.258228,0,0
-0.253165,0,0
-0.248101,0,0
-0.243038,0,0
-0.237975,0,0
-0.232911,0,0
-0.227848,0,0
-0.222785,0,0
-0.217722,0,0
-0.212658,0,0
-0.207595,0,0
-0.202532,0,0
-0.197468,0,0
-0.192405,0,0
-0.187342,0,0
-0.182278,0,0
-0.177215,0,0
-0.172152,0,0
-0.167089,0,0
-0.162025,0,0
-0.156962,0,0
-0.151899,0,0
-0.146835,0,0
-0.141772,0,0
-0.136709,0,0
-0.131646,0,0
-0.126582,0,0
-0.121519,0,0
-0.116456,0,0
-0.111392,0,0
-0.106329,0,0
-0.101266,0,0
-0.0962025,0,0
-0.0911392,0,0
-0.0860759,0,0
-0.0810127,0,0
-0.0759494,0,0
-0.0708861,0,0
-0.0658228,0,0
-0.0607595,0,0
-0.0556962,0,0
-0.0506329,0,0
-0.0455696,0,0
-0.0405063,0,0
-0.035443,0,0
-0.0303797,0,0
-0.0253165,0,0
-0.0202532,0,0
-0.0151899,0,0
-0.0101266,0,0
-0.00506329,0,0
0,1,nan
0.00506329,0.950628,0.950628
0.0101266,0.903693,0.903693
0.0151899,0.859075,0.859075
0.0202532,0.816661,0.816661
0.0253165,0.77634,0.77634
0.0303797,0.73801,0.73801
0.035443,0.701573,0.701573
0.0405063,0.666935,0.666935
0.0455696,0.634006,0.634006
0.0506329,0.602704,0.602704
0.0556962,0.572947,0.572947
0.0607595,0.544659,0.544659
0.0658228,0.517768,0.517768
0.0708861,0.492205,0.492205
0.0759494,0.467903,0.467903
0.0810127,0.444802,0.444802
0.0860759,0.422841,0.422841
0.0911392,0.401964,0.401964
0.0962025,0.382118,0.382118
0.101266,0.363252,0.363252
0.106329,0.345317,0.345317
0.111392,0.328268,0.328268
0.116456,0.312061,0.312061
0.121519,0.296654,0.296654
0.126582,0.282007,0.282007
0.131646,0.268084,0.268084
0.136709,0.254848,0.254848
0.141772,0.242265,0.242265
0.146835,0.230304,0.230304
0.151899,0.218933,0.218933
0.156962,0.208124,0.208124
0.162025,0.197849,0.197849
0.167089,0.18808,0.18808
0.172152,0.178794,0.178794
0.177215,0.169967,0.169967
0.182278,0.161575,0.161575
0.187342,0.153598,0.153598
0.192405,0.146014,0.146014
0.197468,0.138805,0.138805
0.202532,0.131952,0.131952
0.207595,0.125437,0.125437
0.212658,0.119244,0.119244
0.217722,0.113357,0.113357
0.222785,0.10776,0.10776
0.227848,0.10244,0.10244
0.232911,0.097382,0.097382
0.237975,0.092574,0.092574
0.243038,0.0880034,0.0880034
0.248101,0.0836585,0.0836585
0.253165,0.079528,0.079528
0.258228,0.0756016,0.0756016
0.263291,0.0718689,0.0718689
0.268354,0.0683206,0.0683206
0.273418,0.0649474,0.0649474
0.278481,0.0617408,0.0617408
0.283544,0.0586925,0.0586925
0.288608,0.0557947,0.0557947
0.293671,0.05304,0.05304
0.298734,0.0504213,0.0504213
0.303797,0.0479319,0.0479319
0.308861,0.0455654,0.0455654
0.313924,0.0433157,0.0433157
0.318987,0.0411771,0.0411771
0.324051,0.0391441,0.0391441
0.329114,0.0372114,0.0372114
0.334177,0.0353742,0.0353742
0.339241,0.0336277,0.0336277
0.344304,0.0319674,0.0319674
0.349367,0.0303891,0.0303891
0.35443,0.0288887,0.0288887
0.359494,0.0274624,0.0274624
0.364557,0.0261065,0.0261065
0.36962,0.0248176,0.0248176
0.374684,0.0235923,0.0235923
0.379747,0.0224275,0.0224275
0.38481,0.0213202,0.0213202
0.389873,0.0202676,0.0202676
0.394937,0.0192669,0.0192669
0.4,0.0183156,0.0183156
0.405063,0.0174114,0.0174114
0.410127,0.0165517,0.0165517
0.41519,0.0157345,0.0157345
0.420253,0.0149577,0.0149577
0.425316,0.0142192,0.0142192
0.43038,0.0135171,0.0135171
0.435443,0.0128498,0.0128498
0.440506,0.0122153,0.0122153
0.44557,0.0116122,0.0116122
0.450633,0.0110389,0.0110389
0.455696,0.0104939,0.0104939
0.460759,0.00997578,0.00997578
0.465823,0.00948325,0.00948325
0.470886,0.00901504,0.00901504
0.475949,0.00856995,0.00856995
0.481013,0.00814683,0.00814683
0.486076,0.0077446,0.0077446
0.491139,0.00736223,0.00736223
0.496203,0.00699874,0.00699874
0.501266,0.00665319,0.00665319
0.506329,0.00632471,0.00632471
0.511392,0.00601244,0.00601244
0.516456,0.00571559,0.00571559
0.521519,0.0054334,0.0054334
0.526582,0.00516514,0.00516514
0.531646,0.00491013,0.00491013
0.536709,0.0046677,0.0046677
0.541772,0.00443725,0.00443725
0.546835,0.00421817,0.00421817
0.551899,0.00400991,0.00400991
0.556962,0.00381193,0.00381193
0.562025,0.00362372,0.00362372
0.567089,0.00344481,0.00344481
0.572152,0.00327473,0.00327473
0.577215,0.00311305,0.00311305
0.582278,0.00295935,0.00295935
0.587342,0.00281324,0.00281324
0.592405,0.00267435,0.00267435
0.597468,0.00254231,0.00254231
0.602532,0.00241679,0.00241679
0.607595,0.00229746,0.00229746
0.612658,0.00218403,0.00218403
0.617722,0.0020762,0.0020762
0.622785,0.00197369,0.00197369
0.627848,0.00187625,0.00187625
0.632911,0.00178361,0.00178361
0.637975,0.00169555,0.00169555
0.643038,0.00161184,0.00161184
0.648101,0.00153226,0.00153226
0.653165,0.00145661,0.00145661
0.658228,0.00138469,0.00138469
0.663291,0.00131633,0.00131633
0.668354,0.00125133,0.00125133
0.673418,0.00118955,0.00118955
0.678481,0.00113082,0.00113082
0.683544,0.00107499,0.00107499
0.688608,0.00102192,0.00102192
0.693671,0.000971462,0.000971462
0.698734,0.000923498,0.000923498
0.703797,0.000877903,0.000877903
0.708861,0.000834559,0.000834559
0.713924,0.000793354,0.000793354
0.718987,0.000754185,0.000754185
0.724051,0.000716949,0.000716949
0.729114,0.000681551,0.000681551
0.734177,0.000647901,0.000647901
0.739241,0.000615913,0.000615913
0.744304,0.000585504,0.000585504
0.749367,0.000556596,0.000556596
0.75443,0.000529116,0.000529116
0.759494,0.000502992,0.000502992
0.764557,0.000478158,0.000478158
0.76962,0.00045455,0.00045455
0.774684,0.000432108,0.000432108
0.779747,0.000410774,0.000410774
0.78481,0.000390493,0.000390493
0.789873,0.000371213,0.000371213
0.794937,0.000352885,0.000352885
0.8,0.000335463,0.000335463
0.805063,0.0003189,0.0003189
0.810127,0.000303155,0.000303155
0.81519,0.000288188,0.000288188
0.820253,0.000273959,0.000273959
0.825316,0.000260433,0.000260433
0.83038,0.000247575,0.000247575
0.835443,0.000235352,0.000235352
0.840506,0.000223732,0.000223732
0.84557,0.000212685,0.000212685
0.850633,0.000202185,0.000202185
0.855696,0.000192202,0.000192202
0.860759,0.000182713,0.000182713
0.865823,0.000173692,0.000173692
0.870886,0.000165116,0.000165116
0.875949,0.000156964,0.000156964
0.881013,0.000149214,0.000149214
0.886076,0.000141847,0.000141847
0.891139,0.000134844,0.000134844
0.896203,0.000128186,0.000128186
0.901266,0.000121858,0.000121858
0.906329,0.000115841,0.000115841
0.911392,0.000110122,0.000110122
0.916456,0.000104685,0.000104685
0.921519,9.95162e-05,9.95162e-05
0.926582,9.46029e-05,9.46029e-05
0.931646,8.99321e-05,8.99321e-05
0.936709,8.54919e-05,8.54919e-05
0.941772,8.1271e-05,8.1271e-05
0.946835,7.72584e-05,7.72584e-05
0.951899,7.3444e-05,7.3444e-05
0.956962,6.98179e-05,6.98179e-05
0.962025,6.63708e-05,6.63708e-05
0.967089,6.30939e-05,6.30939e-05
0.972152,5.99788e-05,5.99788e-05
0.977215,5.70175e-05,5.70175e-05
0.982278,5.42024e-05,5.42024e-05
0.987342,5.15263e-05,5.15263e-05
0.992405,4.89823e-05,4.89823e-05
0.997468,4.6564e-05,4.6564e-05
1.00253,4.4265e-05,4.4265e-05
1.00759,4.20795e-05,4.20795e-05
1.01266,4.0002e-05,4.0002e-05
1.01772,3.8027e-05,3.8027e-05
1.02278,3.61495e-05,3.61495e-05
1.02785,3.43647e-05,3.43647e-05
1.03291,3.2668e-05,3.2668e-05
1.03797,3.10551e-05,3.10551e-05
1.04304,2.95219e-05,2.95219e-05
1.0481,2.80643e-05,2.80643e-05
1.05316,2.66787e-05,2.66787e-05
1.05823,2.53615e-05,2.53615e-05
1.06329,2.41093e-05,2.41093e-05
1.06835,2.2919e-05,2.2919e-05
1.07342,2.17874e-05,2.17874e-05
1.07848,2.07117e-05,2.07117e-05
1.08354,1.96891e-05,1.96891e-05
1.08861,1.8717e-05,1.8717e-05
1.09367,1.77929e-05,1.77929e-05
1.09873,1.69145e-05,1.69145e-05
1.1038,1.60794e-05,1.60794e-05
1.10886,1.52855e-05,1.52855e-05
1.11392,1.45308e-05,1.45308e-05
1.11899,1.38134e-05,1.38134e-05
1.12405,1.31314e-05,1.31314e-05
1.12911,1.2483e-05,1.2483e-05
1.13418,1.18667e-05,1.18667e-05
1.13924,1.12808e-05,1.12808e-05
1.1443,1.07239e-05,1.07239e-05
1.14937,1.01944e-05,1.01944e-05
1.15443,9.69109e-06,9.69109e-06
1.15949,9.21262e-06,9.21262e-06
1.16456,8.75777e-06,8.75777e-06
1.16962,8.32537e-06,8.32537e-06
1.17468,7.91433e-06,7.91433e-06
1.17975,7.52358e-06,7.52358e-06
1.18481,7.15212e-06,7.15212e-06
1.18987,6.79901e-06,6.79901e-06
1.19494,6.46332e-06,6.46332e-06
1.2,6.14421e-06,6.14421e-06
1.20506,5.84086e-06,5.84086e-06
1.21013,5.55248e-06,5.55248e-06
1.21519,5.27834e-06,5.27834e-06
1.22025,5.01774e-06,5.01774e-06
1.22532,4.77e-06,4.77e-06
1.23038,4.53449e-06,4.53449e-06
1.23544,4.31061e-06,4.31061e-06
1.24051,4.09779e-06,4.09779e-06
1.24557,3.89547e-06,3.89547e-06
1.25063,3.70314e-06,3.70314e-06
1.2557,3.52031e-06,3.52031e-06
1.26076,3.3465e-06,3.3465e-06
1.26582,3.18128e-06,3.18128e-06
1.27089,3.02421e-06,3.02421e-06
1.27595,2.8749e-06,2.8749e-06
1.28101,2.73296e-06,2.73296e-06
1.28608,2.59802e-06,2.59802e-06
1.29114,2.46975e-06,2.46975e-06
1.2962,2.34782e-06,2.34782e-06
1.30127,2.2319e-06,2.2319e-06
1.30633,2.1217e-06,2.1217e-06
1.31139,2.01695e-06,2.01695e-06
1.31646,1.91737e-06,1.91737e-06
1.32152,1.8227e-06,1.8227e-06
1.32658,1.73271e-06,1.73271e-06
1.33165,1.64716e-06,1.64716e-06
1.33671,1.56584e-06,1.56584e-06
1.34177,1.48853e-06,1.48853e-06
1.34684,1.41504e-06,1.41504e-06
1.3519,1.34517e-06,1.34517e-06
1.35696,1.27876e-06,1.27876e-06
1.36203,1.21562e-06,1.21562e-06
1.36709,1.15561e-06,1.15561e-06
1.37215,1.09855e-06,1.09855e-06
1.37722,1.04431e-06,1.04431e-06
1.38228,9.92752e-07,9.92752e-07
1.38734,9.43738e-07,9.43738e-07
1.39241,8.97143e-07,8.97143e-07
1.39747,8.52849e-07,8.52849e-07
1.40253,8.10742e-07,8.10742e-07
1.40759,7.70713e-07,7.70713e-07
1.41266,7.32661e-07,7.32661e-07
1.41772,6.96488e-07,6.96488e-07
1.42278,6.62101e-07,6.62101e-07
1.42785,6.29411e-07,6.29411e-07
1.43291,5.98336e-07,5.98336e-07
1.43797,5.68794e-07,5.68794e-07
1.44304,5.40712e-07,5.40712e-07
1.4481,5.14015e-07,5.14015e-07
1.45316,4.88637e-07,4.88637e-07
1.45823,4.64512e-07,4.64512e-07
1.46329,4.41578e-07,4.41578e-07
1.46835,4.19776e-07,4.19776e-07
1.47342,3.99051e-07,3.99051e-07
1.47848,3.79349e-07,3.79349e-07
1.48354,3.60619e-07,3.60619e-07
1.48861,3.42815e-07,3.42815e-07
1.49367,3.25889e-07,3.25889e-07
1.49873,3.09799e-07,3.09799e-07
1.5038,2.94504e-07,2.94504e-07
1.50886,2.79963e-07,2.79963e-07
1.51392,2.66141e-07,2.66141e-07
1.51899,2.53001e-07,2.53001e-07
1.52405,2.40509e-07,2.40509e-07
1.52911,2.28635e-07,2.28635e-07
1.53418,2.17347e-07,2.17347e-07
1.53924,2.06616e-07,2.06616e-07
1.5443,1.96415e-07,1.96415e-07
1.54937,1.86717e-07,1.86717e-07
1.55443,1.77498e-07,1.77498e-07
1.55949,1.68735e-07,1.68735e-07
1.56456,1.60404e-07,1.60404e-07
1.56962,1.52485e-07,1.52485e-07
1.57468,1.44956e-07,1.44956e-07
1.57975,1.37799e-07,1.37799e-07
1.58481,1.30996e-07,1.30996e-07
1.58987,1.24528e-07,1.24528e-07
1.59494,1.1838e-07,1.1838e-07
1.6,1.12535e-07,1.12535e-07
1.60506,1.06979e-07,1.06979e-07
1.61013,1.01697e-07,1.01697e-07
1.61519,9.66762e-08,9.66762e-08
1.62025,9.1903e-08,9.1903e-08
1.62532,8.73656e-08,8.73656e-08
1.63038,8.30521e-08,8.30521e-08
1.63544,7.89516e-08,7.89516e-08
1.64051,7.50536e-08,7.50536e-08
1.64557,7.1348e-08,7.1348e-08
1.65063,6.78254e-08,6.78254e-08
1.6557,6.44767e-08,6.44767e-08
1.66076,6.12933e-08,6.12933e-08
1.66582,5.82671e-08,5.82671e-08
1.67089,5.53903e-08,5.53903e-08
1.67595,5.26556e-08,5.26556e-08
1.68101,5.00558e-08,5.00558e-08
1.68608,4.75845e-08,4.75845e-08
1.69114,4.52351e-08,4.52351e-08
1.6962,4.30017e-08,4.30017e-08
1.70127,4.08786e-08,4.08786e-08
1.70633,3.88604e-08,3.88604e-08
1.71139,3.69417e-08,3.69417e-08
1.71646,3.51178e-08,3.51178e-08
1.72152,3.3384e-08,3.3384e-08
1.72658,3.17357e-08,3.17357e-08
1.73165,3.01689e-08,3.01689e-08
1.73671,2.86793e-08,2.86793e-08
1.74177,2.72634e-08,2.72634e-08
1.74684,2.59173e-08,2.59173e-08
1.7519,2.46377e-08,2.46377e-08
1.75696,2.34213e-08,2.34213e-08
1.76203,2.22649e-08,2.22649e-08
1.76709,2.11657e-08,2.11657e-08
1.77215,2.01207e-08,2.01207e-08
1.77722,1.91272e-08,1.91272e-08
1.78228,1.81829e-08,1.81829e-08
1.78734,1.72852e-08,1.72852e-08
1.79241,1.64317e-08,1.64317e-08
1.79747,1.56205e-08,1.56205e-08
1.80253,1.48493e-08,1.48493e-08
1.80759,1.41161e-08,1.41161e-08
1.81266,1.34192e-08,1.34192e-08
1.81772,1.27566e-08,1.27566e-08
1.82278,1.21268e-08,1.21268e-08
1.82785,1.15281e-08,1.15281e-08
1.83291,1.09589e-08,1.09589e-08
1.83797,1.04178e-08,1.04178e-08
1.84304,9.90348e-09,9.90348e-09
1.8481,9.41452e-09,9.41452e-09
1.85316,8.9497e-09,8.9497e-09
1.85823,8.50783e-09,8.50783e-09
1.86329,8.08778e-09,8.08778e-09
1.86835,7.68847e-09,7.68847e-09
1.87342,7.30887e-09,7.30887e-09
1.87848,6.94801e-09,6.94801e-09
1.88354,6.60497e-09,6.60497e-09
1.88861,6.27887e-09,6.27887e-09
1.89367,5.96887e-09,5.96887e-09
1.89873,5.67417e-09,5.67417e-09
1.9038,5.39402e-09,5.39402e-09
1.90886,5.12771e-09,5.12771e-09
1.91392,4.87454e-09,4.87454e-09
1.91899,4.63387e-09,4.63387e-09
1.92405,4.40508e-09,4.40508e-09
1.92911,4.1876e-09,4.1876e-09
1.93418,3.98084e-09,3.98084e-09
1.93924,3.7843e-09,3.7843e-09
1.9443,3.59746e-09,3.59746e-09
1.94937,3.41984e-09,3.41984e-09
1.95443,3.251e-09,3.251e-09
1.95949,3.09049e-09,3.09049e-09
1.96456,2.9379e-09,2.9379e-09
1.96962,2.79285e-09,2.79285e-09
1.97468,2.65496e-09,2.65496e-09
1.97975,2.52388e-09,2.52388e-09
1.98481,2.39927e-09,2.39927e-09
1.98987,2.28081e-09,2.28081e-09
1.99494,2.1682e-09,2.1682e-09
2,2.06115e-09,2.06115e-09
2.00506,1.95939e-09,1.95939e-09
2.01013,1.86265e-09,1.86265e-09
2.01519,1.77069e-09,1.77069e-09
2.02025,1.68326e-09,1.68326e-09
2.02532,1.60016e-09,1.60016e-09
2.03038,1.52115e-09,1.52115e-09
2.03544,1.44605e-09,1.44605e-09
2.04051,1.37465e-09,1.37465e-09
2.04557,1.30678e-09,1.30678e-09
2.05063,1.24227e-09,1.24227e-09
2.0557,1.18093e-09,1.18093e-09
2.06076,1.12263e-09,1.12263e-09
2.06582,1.0672e-09,1.0672e-09
2.07089,1.01451e-09,1.01451e-09
2.07595,9.64421e-10,9.64421e-10
2.08101,9.16805e-10,9.16805e-10
2.08608,8.7154e-10,8.7154e-10
2.09114,8.2851e-10,8.2851e-10
2.0962,7.87604e-10,7.87604e-10
2.10127,7.48718e-10,7.48718e-10
2.10633,7.11752e-10,7.11752e-10
2.11139,6.76611e-10,6.76611e-10
2.11646,6.43205e-10,6.43205e-10
2.12152,6.11449e-10,6.11449e-10
2.12658,5.8126e-10,5.8126e-10
2.13165,5.52562e-10,5.52562e-10
2.13671,5.25281e-10,5.25281e-10
2.14177,4.99346e-10,4.99346e-10
2.14684,4.74692e-10,4.74692e-10
2.1519,4.51256e-10,4.51256e-10
2.15696,4.28976e-10,4.28976e-10
2.16203,4.07796e-10,4.07796e-10
2.16709,3.87662e-10,3.87662e-10
2.17215,3.68523e-10,3.68523e-10
2.17722,3.50328e-10,3.50328e-10
2.18228,3.33031e-10,3.33031e-10
2.18734,3.16589e-10,3.16589e-10
2.19241,3.00958e-10,3.00958e-10
2.19747,2.86099e-10,2.86099e-10
2.20253,2.71974e-10,2.71974e-10
2.20759,2.58546e-10,2.58546e-10
2.21266,2.4578e-10,2.4578e-10
2.21772,2.33646e-10,2.33646e-10
2.22278,2.2211e-10,2.2211e-10
2.22785,2.11144e-10,2.11144e-10
2.23291,2.00719e-10,2.00719e-10
2.23797,1.90809e-10,1.90809e-10
2.24304,1.81389e-10,1.81389e-10
2.2481,1.72433e-10,1.72433e-10
2.25316,1.6392e-10,1.6392e-10
2.25823,1.55826e-10,1.55826e-10
2.26329,1.48133e-10,1.48133e-10
2.26835,1.40819e-10,1.40819e-10
2.27342,1.33867e-10,1.33867e-10
2.27848,1.27257e-10,1.27257e-10
2.28354,1.20974e-10,1.20974e-10
2.28861,1.15001e-10,1.15001e-10
2.29367,1.09324e-10,1.09324e-10
2.29873,1.03926e-10,1.03926e-10
2.3038,9.87949e-11,9.87949e-11
2.30886,9.39172e-11,9.39172e-11
2.31392,8.92803e-11,8.92803e-11
2.31899,8.48723e-11,8.48723e-11
2.32405,8.06819e-11,8.06819e-11
2.32911,7.66985e-11,7.66985e-11
2.33418,7.29117e-11,7.29117e-11
2.33924,6.93119e-11,6.93119e-11
2.3443,6.58898e-11,6.58898e-11
2.34937,6.26366e-11,6.26366e-11
2.35443,5.95441e-11,5.95441e-11
2.35949,5.66043e-11,5.66043e-11
2.36456,5.38096e-11,5.38096e-11
2.36962,5.11529e-11,5.11529e-11
2.37468,4.86273e-11,4.86273e-11
2.37975,4.62265e-11,4.62265e-11
2.38481,4.39442e-11,4.39442e-11
2.38987,4.17745e-11,4.17745e-11
2.39494,3.9712e-11,3.9712e-11
2.4,3.77513e-11,3.77513e-11
2.40506,3.58875e-11,3.58875e-11
2.41013,3.41156e-11,3.41156e-11
2.41519,3.24312e-11,3.24312e-11
2.42025,3.083e-11,3.083e-11
2.42532,2.93079e-11,2.93079e-11
2.43038,2.78609e-11,2.78609e-11
2.43544,2.64853e-11,2.64853e-11
2.44051,2.51777e-11,2.51777e-11
2.44557,2.39346e-11,2.39346e-11
2.45063,2.27529e-11,2.27529e-11
2.4557,2.16295e-11,2.16295e-11
2.46076,2.05616e-11,2.05616e-11
2.46582,1.95464e-11,1.95464e-11
2.47089,1.85814e-11,1.85814e-11
2.47595,1.7664e-11,1.7664e-11
2.48101,1.67919e-11,1.67919e-11
2.48608,1.59628e-11,1.59628e-11
2.49114,1.51747e-11,1.51747e-11
2.4962,1.44255e-11,1.44255e-11
2.50127,1.37133e-11,1.37133e-11
2.50633,1.30362e-11,1.30362e-11
2.51139,1.23926e-11,1.23926e-11
2.51646,1.17807e-11,1.17807e-11
2.52152,1.11991e-11,1.11991e-11
2.52658,1.06462e-11,1.06462e-11
2.53165,1.01205e-11,1.01205e-11
2.53671,9.62085e-12,9.62085e-12
2.54177,9.14584e-12,9.14584e-12
2.54684,8.69429e-12,8.69429e-12
2.5519,8.26503e-12,8.26503e-12
2.55696,7.85697e-12,7.85697e-12
2.56203,7.46905e-12,7.46905e-12
2.56709,7.10029e-12,7.10029e-12
2.57215,6.74973e-12,6.74973e-12
2.57722,6.41648e-12,6.41648e-12
2.58228,6.09968e-12,6.09968e-12
2.58734,5.79852e-12,5.79852e-12
2.59241,5.51224e-12,5.51224e-12
2.59747,5.24008e-12,5.24008e-12
2.60253,4.98137e-12,4.98137e-12
2.60759,4.73543e-12,4.73543e-12
2.61266,4.50163e-12,4.50163e-12
2.61772,4.27937e-12,4.27937e-12
2.62278,4.06809e-12,4.06809e-12
2.62785,3.86724e-12,3.86724e-12
2.63291,3.6763e-12,3.6763e-12
2.63797,3.49479e-12,3.49479e-12
2.64304,3.32225e-12,3.32225e-12
2.6481,3.15822e-12,3.15822e-12
2.65316,3.00229e-12,3.00229e-12
2.65823,2.85406e-12,2.85406e-12
2.66329,2.71315e-12,2.71315e-12
2.66835,2.57919e-12,2.57919e-12
2.67342,2.45185e-12,2.45185e-12
2.67848,2.3308e-12,2.3308e-12
2.68354,2.21572e-12,2.21572e-12
2.68861,2.10633e-12,2.10633e-12
2.69367,2.00233e-12,2.00233e-12
2.69873,1.90347e-12,1.90347e-12
2.7038,1.80949e-12,1.80949e-12
2.70886,1.72015e-12,1.72015e-12
2.71392,1.63523e-12,1.63523e-12
2.71899,1.55449e-12,1.55449e-12
2.72405,1.47774e-12,1.47774e-12
2.72911,1.40478e-12,1.40478e-12
2.73418,1.33542e-12,1.33542e-12
2.73924,1.26949e-12,1.26949e-12
2.7443,1.20681e-12,1.20681e-12
2.74937,1.14723e-12,1.14723e-12
2.75443,1.09059e-12,1.09059e-12
2.75949,1.03674e-12,1.03674e-12
2.76456,9.85557e-13,9.85557e-13
2.76962,9.36897e-13,9.36897e-13
2.77468,8.90641e-13,8.90641e-13
2.77975,8.46667e-13,8.46667e-13
2.78481,8.04865e-13,8.04865e-13
2.78987,7.65127e-13,7.65127e-13
2.79494,7.27351e-13,7.27351e-13
2.8,6.9144e-13,6.9144e-13
2.80506,6.57302e-13,6.57302e-13
2.81013,6.24849e-13,6.24849e-13
2.81519,5.93999e-13,5.93999e-13
2.82025,5.64672e-13,5.64672e-13
2.82532,5.36793e-13,5.36793e-13
2.83038,5.1029e-13,5.1029e-13
2.83544,4.85096e-13,4.85096e-13
2.84051,4.61145e-13,4.61145e-13
2.84557,4.38377e-13,4.38377e-13
2.85063,4.16734e-13,4.16734e-13
2.8557,3.96158e-13,3.96158e-13
2.86076,3.76599e-13,3.76599e-13
2.86582,3.58006e-13,3.58006e-13
2.87089,3.4033e-13,3.4033e-13
2.87595,3.23527e-13,3.23527e-13
2.88101,3.07554e-13,3.07554e-13
2.88608,2.92369e-13,2.92369e-13
2.89114,2.77934e-13,2.77934e-13
2.8962,2.64212e-13,2.64212e-13
2.90127,2.51167e-13,2.51167e-13
2.90633,2.38766e-13,2.38766e-13
2.91139,2.26978e-13,2.26978e-13
2.91646,2.15771e-13,2.15771e-13
2.92152,2.05118e-13,2.05118e-13
2.92658,1.94991e-13,1.94991e-13
2.93165,1.85364e-13,1.85364e-13
2.93671,1.76212e-13,1.76212e-13
2.94177,1.67512e-13,1.67512e-13
2.94684,1.59242e-13,1.59242e-13
2.9519,1.51379e-13,1.51379e-13
2.95696,1.43905e-13,1.43905e-13
2.96203,1.368e-13,1.368e-13
2.96709,1.30046e-13,1.30046e-13
2.97215,1.23626e-13,1.23626e-13
2.97722,1.17522e-13,1.17522e-13
2.98228,1.1172e-13,1.1172e-13
2.98734,1.06204e-13,1.06204e-13
2.99241,1.0096e-13,1.0096e-13
2.99747,9.59755e-14,9.59755e-14
3.00253,9.12369e-14,9.12369e-14
3.00759,8.67324e-14,8.67324e-14
3.01266,8.24502e-14,8.24502e-14
3.01772,7.83794e-14,7.83794e-14
3.02278,7.45096e-14,7.45096e-14
3.02785,7.08309e-14,7.08309e-14
3.03291,6.73338e-14,6.73338e-14
3.03797,6.40094e-14,6.40094e-14
3.04304,6.08491e-14,6.08491e-14
3.0481,5.78448e-14,5.78448e-14
3.05316,5.49889e-14,5.49889e-14
3.05823,5.22739e-14,5.22739e-14
3.06329,4.9693e-14,4.9693e-14
3.06835,4.72396e-14,4.72396e-14
3.07342,4.49072e-14,4.49072e-14
3.07848,4.26901e-14,4.26901e-14
3.08354,4.05824e-14,4.05824e-14
3.08861,3.85787e-14,3.85787e-14
3.09367,3.6674e-14,3.6674e-14
3.09873,3.48633e-14,3.48633e-14
3.1038,3.3142e-14,3.3142e-14
3.10886,3.15057e-14,3.15057e-14
3.11392,2.99502e-14,2.99502e-14
3.11899,2.84715e-14,2.84715e-14
3.12405,2.70658e-14,2.70658e-14
3.12911,2.57295e-14,2.57295e-14
3.13418,2.44591e-14,2.44591e-14
3.13924,2.32515e-14,2.32515e-14
3.1443,2.21036e-14,2.21036e-14
3.14937,2.10122e-14,2.10122e-14
3.15443,1.99748e-14,1.99748e-14
3.15949,1.89886e-14,1.89886e-14
3.16456,1.80511e-14,1.80511e-14
3.16962,1.71599e-14,1.71599e-14
3.17468,1.63127e-14,1.63127e-14
3.17975,1.55073e-14,1.55073e-14
3.18481,1.47416e-14,1.47416e-14
3.18987,1.40138e-14,1.40138e-14
3.19494,1.33219e-14,1.33219e-14
3.2,1.26642e-14,1.26642e-14
3.20506,1.20389e-14,1.20389e-14
3.21013,1.14445e-14,1.14445e-14
3.21519,1.08795e-14,1.08795e-14
3.22025,1.03423e-14,1.03423e-14
3.22532,9.8317e-15,9.8317e-15
3.23038,9.34628e-15,9.34628e-15
3.23544,8.88484e-15,8.88484e-15
3.24051,8.44617e-15,8.44617e-15
3.24557,8.02916e-15,8.02916e-15
3.25063,7.63274e-15,7.63274e-15
3.2557,7.2559e-15,7.2559e-15
3.26076,6.89765e-15,6.89765e-15
3.26582,6.5571e-15,6.5571e-15
3.27089,6.23336e-15,6.23336e-15
3.27595,5.9256e-15,5.9256e-15
3.28101,5.63304e-15,5.63304e-15
3.28608,5.35493e-15,5.35493e-15
3.29114,5.09054e-15,5.09054e-15
3.2962,4.83921e-15,4.83921e-15
3.30127,4.60028e-15,4.60028e-15
3.30633,4.37316e-15,4.37316e-15
3.31139,4.15724e-15,4.15724e-15
3.31646,3.95199e-15,3.95199e-15
3.32152,3.75687e-15,3.75687e-15
3.32658,3.57139e-15,3.57139e-15
3.33165,3.39506e-15,3.39506e-15
3.33671,3.22744e-15,3.22744e-15
3.34177,3.06809e-15,3.06809e-15
3.34684,2.91661e-15,2.91661e-15
3.3519,2.77261e-15,2.77261e-15
3.35696,2.63572e-15,2.63572e-15
3.36203,2.50559e-15,2.50559e-15
3.36709,2.38188e-15,2.38188e-15
3.37215,2.26428e-15,2.26428e-15
3.37722,2.15249e-15,2.15249e-15
3.38228,2.04621e-15,2.04621e-15
3.38734,1.94519e-15,1.94519e-15
3.39241,1.84915e-15,1.84915e-15
3.39747,1.75785e-15,1.75785e-15
3.40253,1.67106e-15,1.67106e-15
3.40759,1.58856e-15,1.58856e-15
3.41266,1.51013e-15,1.51013e-15
3.41772,1.43557e-15,1.43557e-15
3.42278,1.36469e-15,1.36469e-15
3.42785,1.29731e-15,1.29731e-15
3.43291,1.23326e-15,1.23326e-15
3.43797,1.17237e-15,1.17237e-15
3.44304,1.11449e-15,1.11449e-15
3.4481,1.05946e-15,1.05946e-15
3.45316,1.00716e-15,1.00716e-15
3.45823,9.57431e-16,9.57431e-16
3.46329,9.1016e-16,9.1016e-16
3.46835,8.65223e-16,8.65223e-16
3.47342,8.22505e-16,8.22505e-16
3.47848,7.81896e-16,7.81896e-16
3.48354,7.43292e-16,7.43292e-16
3.48861,7.06594e-16,7.06594e-16
3.49367,6.71707e-16,6.71707e-16
3.49873,6.38544e-16,6.38544e-16
3.5038,6.07017e-16,6.07017e-16
3.50886,5.77047e-16,5.77047e-16
3.51392,5.48557e-16,5.48557e-16
3.51899,5.21473e-16,5.21473e-16
3.52405,4.95727e-16,4.95727e-16
3.52911,4.71252e-16,4.71252e-16
3.53418,4.47985e-16,4.47985e-16
3.53924,4.25867e-16,4.25867e-16
3.5443,4.04841e-16,4.04841e-16
3.54937,3.84853e-16,3.84853e-16
3.55443,3.65852e-16,3.65852e-16
3.55949,3.47789e-16,3.47789e-16
3.56456,3.30617e-16,3.30617e-16
3.56962,3.14294e-16,3.14294e-16
3.57468,2.98777e-16,2.98777e-16
3.57975,2.84025e-16,2.84025e-16
3.58481,2.70002e-16,2.70002e-16
3.58987,2.56672e-16,2.56672e-16
3.59494,2.43999e-16,2.43999e-16
3.6,2.31952e-16,2.31952e-16
3.60506,2.205e-16,2.205e-16
3.61013,2.09614e-16,2.09614e-16
3.61519,1.99264e-16,1.99264e-16
3.62025,1.89426e-16,1.89426e-16
3.62532,1.80074e-16,1.80074e-16
3.63038,1.71183e-16,1.71183e-16
3.63544,1.62731e-16,1.62731e-16
3.64051,1.54697e-16,1.54697e-16
3.64557,1.47059e-16,1.47059e-16
3.65063,1.39799e-16,1.39799e-16
3.6557,1.32896e-16,1.32896e-16
3.66076,1.26335e-16,1.26335e-16
3.66582,1.20097e-16,1.20097e-16
3.67089,1.14168e-16,1.14168e-16
3.67595,1.08531e-16,1.08531e-16
3.68101,1.03173e-16,1.03173e-16
3.68608,9.80789e-17,9.80789e-17
3.69114,9.32365e-17,9.32365e-17
3.6962,8.86332e-17,8.86332e-17
3.70127,8.42572e-17,8.42572e-17
3.70633,8.00972e-17,8.00972e-17
3.71139,7.61426e-17,7.61426e-17
3.71646,7.23832e-17,7.23832e-17
3.72152,6.88095e-17,6.88095e-17
3.72658,6.54122e-17,6.54122e-17
3.73165,6.21826e-17,6.21826e-17
3.73671,5.91125e-17,5.91125e-17
3.74177,5.6194e-17,5.6194e-17
3.74684,5.34196e-17,5.34196e-17
3.7519,5.07821e-17,5.07821e-17
3.75696,4.82749e-17,4.82749e-17
3.76203,4.58914e-17,4.58914e-17
3.76709,4.36257e-17,4.36257e-17
3.77215,4.14718e-17,4.14718e-17
3.77722,3.94242e-17,3.94242e-17
3.78228,3.74777e-17,3.74777e-17
3.78734,3.56274e-17,3.56274e-17
3.79241,3.38684e-17,3.38684e-17
3.79747,3.21962e-17,3.21962e-17
3.80253,3.06066e-17,3.06066e-17
3.80759,2.90955e-17,2.90955e-17
3.81266,2.7659e-17,2.7659e-17
3.81772,2.62934e-17,2.62934e-17
3.82278,2.49952e-17,2.49952e-17
3.82785,2.37611e-17,2.37611e-17
3.83291,2.2588e-17,2.2588e-17
3.83797,2.14728e-17,2.14728e-17
3.84304,2.04126e-17,2.04126e-17
3.8481,1.94048e-17,1.94048e-17
3.85316,1.84467e-17,1.84467e-17
3.85823,1.7536e-17,1.7536e-17
3.86329,1.66702e-17,1.66702e-17
3.86835,1.58471e-17,1.58471e-17
3.87342,1.50647e-17,1.50647e-17
3.87848,1.43209e-17,1.43209e-17
3.88354,1.36139e-17,1.36139e-17
3.88861,1.29417e-17,1.29417e-17
3.89367,1.23027e-17,1.23027e-17
3.89873,1.16953e-17,1.16953e-17
3.9038,1.11179e-17,1.11179e-17
3.90886,1.0569e-17,1.0569e-17
3.91392,1.00472e-17,1.00472e-17
3.91899,9.55112e-18,9.55112e-18
3.92405,9.07956e-18,9.07956e-18
3.92911,8.63128e-18,8.63128e-18
3.93418,8.20513e-18,8.20513e-18
3.93924,7.80002e-18,7.80002e-18
3.9443,7.41492e-18,7.41492e-18
3.94937,7.04882e-18,7.04882e-18
3.95443,6.70081e-18,6.70081e-18
3.95949,6.36997e-18,6.36997e-18
3.96456,6.05547e-18,6.05547e-18
3.96962,5.7565e-18,5.7565e-18
3.97468,5.47228e-18,5.47228e-18
3.97975,5.2021e-18,5.2021e-18
3.98481,4.94526e-18,4.94526e-18
3.98987,4.7011e-18,4.7011e-18
3.99494,4.469e-18,4.469e-18
4,4.24835e-18,4.24835e-18
4.00506,4.0386e-18,4.0386e-18
4.01013,3.83921e-18,3.83921e-18
4.01519,3.64966e-18,3.64966e-18
4.02025,3.46946e-18,3.46946e-18
4.02532,3.29817e-18,3.29817e-18
4.03038,3.13533e-18,3.13533e-18
4.03544,2.98053e-18,2.98053e-18
4.04051,2.83337e-18,2.83337e-18
4.04557,2.69348e-18,2.69348e-18
4.05063,2.5605e-18,2.5605e-18
4.0557,2.43408e-18,2.43408e-18
4.06076,2.31391e-18,2.31391e-18
4.06582,2.19966e-18,2.19966e-18
4.07089,2.09106e-18,2.09106e-18
4.07595,1.98782e-18,1.98782e-18
4.08101,1.88968e-18,1.88968e-18
4.08608,1.79638e-18,1.79638e-18
4.09114,1.70769e-18,1.70769e-18
4.0962,1.62337e-18,1.62337e-18
4.10127,1.54322e-18,1.54322e-18
4.10633,1.46703e-18,1.46703e-18
4.11139,1.3946e-18,1.3946e-18
4.11646,1.32575e-18,1.32575e-18
4.12152,1.26029e-18,1.26029e-18
4.12658,1.19807e-18,1.19807e-18
4.13165,1.13891e-18,1.13891e-18
4.13671,1.08268e-18,1.08268e-18
4.14177,1.02923e-18,1.02923e-18
4.14684,9.78414e-19,9.78414e-19
4.1519,9.30107e-19,9.30107e-19
4.15696,8.84185e-19,8.84185e-19
4.16203,8.40531e-19,8.40531e-19
4.16709,7.99032e-19,7.99032e-19
4.17215,7.59582e-19,7.59582e-19
4.17722,7.22079e-19,7.22079e-19
4.18228,6.86429e-19,6.86429e-19
4.18734,6.52538e-19,6.52538e-19
4.19241,6.20321e-19,6.20321e-19
4.19747,5.89694e-19,5.89694e-19
4.20253,5.60579e-19,5.60579e-19
4.20759,5.32902e-19,5.32902e-19
4.21266,5.06591e-19,5.06591e-19
4.21772,4.8158e-19,4.8158e-19
4.22278,4.57803e-19,4.57803e-19
4.22785,4.352e-19,4.352e-19
4.23291,4.13713e-19,4.13713e-19
4.23797,3.93287e-19,3.93287e-19
4.24304,3.7387e-19,3.7387e-19
4.2481,3.55411e-19,3.55411e-19
4.25316,3.37863e-19,3.37863e-19
4.25823,3.21182e-19,3.21182e-19
4.26329,3.05325e-19,3.05325e-19
4.26835,2.9025e-19,2.9025e-19
4.27342,2.7592e-19,2.7592e-19
4.27848,2.62297e-19,2.62297e-19
4.28354,2.49347e-19,2.49347e-19
4.28861,2.37036e-19,2.37036e-19
4.29367,2.25333e-19,2.25333e-19
4.29873,2.14208e-19,2.14208e-19
4.3038,2.03632e-19,2.03632e-19
4.30886,1.93578e-19,1.93578e-19
4.31392,1.8402e-19,1.8402e-19
4.31899,1.74935e-19,1.74935e-19
4.32405,1.66298e-19,1.66298e-19
4.32911,1.58087e-19,1.58087e-19
4.33418,1.50282e-19,1.50282e-19
4.33924,1.42862e-19,1.42862e-19
4.3443,1.35809e-19,1.35809e-19
4.34937,1.29104e-19,1.29104e-19
4.35443,1.2273e-19,1.2273e-19
4.35949,1.1667e-19,1.1667e-19
4.36456,1.1091e-19,1.1091e-19
4.36962,1.05434e-19,1.05434e-19
4.37468,1.00228e-19,1.00228e-19
4.37975,9.52799e-20,9.52799e-20
4.38481,9.05757e-20,9.05757e-20
4.38987,8.61037e-20,8.61037e-20
4.39494,8.18526e-20,8.18526e-20
4.4,7.78113e-20,7.78113e-20
4.40506,7.39696e-20,7.39696e-20
4.41013,7.03175e-20,7.03175e-20
4.41519,6.68458e-20,6.68458e-20
4.42025,6.35454e-20,6.35454e-20
4.42532,6.04081e-20,6.04081e-20
4.43038,5.74256e-20,5.74256e-20
4.43544,5.45903e-20,5.45903e-20
4.44051,5.18951e-20,5.18951e-20
4.44557,4.93329e-20,4.93329e-20
4.45063,4.68972e-20,4.68972e-20
4.4557,4.45818e-20,4.45818e-20
4.46076,4.23807e-20,4.23807e-20
4.46582,4.02882e-20,4.02882e-20
4.47089,3.82991e-20,3.82991e-20
4.47595,3.64082e-20,3.64082e-20
4.48101,3.46106e-20,3.46106e-20
4.48608,3.29018e-20,3.29018e-20
4.49114,3.12774e-20,3.12774e-20
4.4962,2.97331e-20,2.97331e-20
4.50127,2.82651e-20,2.82651e-20
4.50633,2.68696e-20,2.68696e-20
4.51139,2.5543e-20,2.5543e-20
4.51646,2.42819e-20,2.42819e-20
4.52152,2.3083e-20,2.3083e-20
4.52658,2.19434e-20,2.19434e-20
4.53165,2.086e-20,2.086e-20
4.53671,1.983e-20,1.983e-20
4.54177,1.8851e-20,1.8851e-20
4.54684,1.79203e-20,1.79203e-20
4.5519,1.70355e-20,1.70355e-20
4.55696,1.61944e-20,1.61944e-20
4.56203,1.53949e-20,1.53949e-20
4.56709,1.46348e-20,1.46348e-20
4.57215,1.39122e-20,1.39122e-20
4.57722,1.32253e-20,1.32253e-20
4.58228,1.25724e-20,1.25724e-20
4.58734,1.19516e-20,1.19516e-20
4.59241,1.13616e-20,1.13616e-20
4.59747,1.08006e-20,1.08006e-20
4.60253,1.02674e-20,1.02674e-20
4.60759,9.76044e-21,9.76044e-21
4.61266,9.27854e-21,9.27854e-21
4.61772,8.82044e-21,8.82044e-21
4.62278,8.38495e-21,8.38495e-21
4.62785,7.97097e-21,7.97097e-21
4.63291,7.57742e-21,7.57742e-21
4.63797,7.20331e-21,7.20331e-21
4.64304,6.84766e-21,6.84766e-21
4.6481,6.50958e-21,6.50958e-21
4.65316,6.18818e-21,6.18818e-21
4.65823,5.88266e-21,5.88266e-21
4.66329,5.59222e-21,5.59222e-21
4.66835,5.31611e-21,5.31611e-21
4.67342,5.05364e-21,5.05364e-21
4.67848,4.80413e-21,4.80413e-21
4.68354,4.56694e-21,4.56694e-21
4.68861,4.34146e-21,4.34146e-21
4.69367,4.12711e-21,4.12711e-21
4.69873,3.92335e-21,3.92335e-21
4.7038,3.72964e-21,3.72964e-21
4.70886,3.5455e-21,3.5455e-21
4.71392,3.37045e-21,3.37045e-21
4.71899,3.20404e-21,3.20404e-21
4.72405,3.04585e-21,3.04585e-21
4.72911,2.89547e-21,2.89547e-21
4.73418,2.75251e-21,2.75251e-21
4.73924,2.61662e-21,2.61662e-21
4.7443,2.48743e-21,2.48743e-21
4.74937,2.36462e-21,2.36462e-21
4.75443,2.24787e-21,2.24787e-21
4.75949,2.13689e-21,2.13689e-21
4.76456,2.03138e-21,2.03138e-21
4.76962,1.93109e-21,1.93109e-21
4.77468,1.83575e-21,1.83575e-21
4.77975,1.74511e-21,1.74511e-21
4.78481,1.65895e-21,1.65895e-21
4.78987,1.57704e-21,1.57704e-21
4.79494,1.49918e-21,1.49918e-21
4.8,1.42516e-21,1.42516e-21
4.80506,1.3548e-21,1.3548e-21
4.81013,1.28791e-21,1.28791e-21
4.81519,1.22432e-21,1.22432e-21
4.82025,1.16388e-21,1.16388e-21
4.82532,1.10641e-21,1.10641e-21
4.83038,1.05179e-21,1.05179e-21
4.83544,9.99857e-22,9.99857e-22
4.84051,9.50491e-22,9.50491e-22
4.84557,9.03563e-22,9.03563e-22
4.85063,8.58952e-22,8.58952e-22
4.8557,8.16544e-22,8.16544e-22
4.86076,7.76229e-22,7.76229e-22
4.86582,7.37904e-22,7.37904e-22
4.87089,7.01472e-22,7.01472e-22
4.87595,6.66839e-22,6.66839e-22
4.88101,6.33915e-22,6.33915e-22
4.88608,6.02618e-22,6.02618e-22
4.89114,5.72865e-22,5.72865e-22
4.8962,5.44581e-22,5.44581e-22
4.90127,5.17694e-22,5.17694e-22
4.90633,4.92134e-22,4.92134e-22
4.91139,4.67836e-22,4.67836e-22
4.91646,4.44738e-22,4.44738e-22
4.92152,4.2278e-22,4.2278e-22
4.92658,4.01906e-22,4.01906e-22
4.93165,3.82063e-22,3.82063e-22
4.93671,3.632e-22,3.632e-22
4.94177,3.45268e-22,3.45268e-22
4.94684,3.28221e-22,3.28221e-22
4.9519,3.12016e-22,3.12016e-22
4.95696,2.96611e-22,2.96611e-22
4.96203,2.81967e-22,2.81967e-22
4.96709,2.68045e-22,2.68045e-22
4.97215,2.54811e-22,2.54811e-22
4.97722,2.42231e-22,2.42231e-22
4.98228,2.30271e-22,2.30271e-22
4.98734,2.18902e-22,2.18902e-22
4.99241,2.08094e-22,2.08094e-22
4.99747,1.9782e-22,1.9782e-22
5.00253,1.88053e-22,1.88053e-22
5.00759,1.78769e-22,1.78769e-22
5.01266,1.69942e-22,1.69942e-22
5.01772,1.61552e-22,1.61552e-22
5.02278,1.53576e-22,1.53576e-22
5.02785,1.45993e-22,1.45993e-22
5.03291,1.38785e-22,1.38785e-22
5.03797,1.31933e-22,1.31933e-22
5.04304,1.25419e-22,1.25419e-22
5.0481,1.19227e-22,1.19227e-22
5.05316,1.13341e-22,1.13341e-22
5.05823,1.07745e-22,1.07745e-22
5.06329,1.02425e-22,1.02425e-22
5.06835,9.7368e-23,9.7368e-23
5.07342,9.25607e-23,9.25607e-23
5.07848,8.79908e-23,8.79908e-23
5.08354,8.36465e-23,8.36465e-23
5.08861,7.95166e-23,7.95166e-23
5.09367,7.55907e-23,7.55907e-23
5.09873,7.18586e-23,7.18586e-23
5.1038,6.83108e-23,6.83108e-23
5.10886,6.49381e-23,6.49381e-23
5.11392,6.1732e-23,6.1732e-23
5.11899,5.86841e-23,5.86841e-23
5.12405,5.57867e-23,5.57867e-23
5.12911,5.30324e-23,5.30324e-23
5.13418,5.04141e-23,5.04141e-23
5.13924,4.7925e-23,4.7925e-23
5.1443,4.55588e-23,4.55588e-23
5.14937,4.33095e-23,4.33095e-23
5.15443,4.11712e-23,4.11712e-23
5.15949,3.91385e-23,3.91385e-23
5.16456,3.72061e-23,3.72061e-23
5.16962,3.53691e-23,3.53691e-23
5.17468,3.36229e-23,3.36229e-23
5.17975,3.19628e-23,3.19628e-23
5.18481,3.03848e-23,3.03848e-23
5.18987,2.88846e-23,2.88846e-23
5.19494,2.74585e-23,2.74585e-23
5.2,2.61028e-23,2.61028e-23
5.20506,2.4814e-23,2.4814e-23
5.21013,2.35889e-23,2.35889e-23
5.21519,2.24243e-23,2.24243e-23
5.22025,2.13171e-23,2.13171e-23
5.22532,2.02646e-23,2.02646e-23
5.23038,1.92641e-23,1.92641e-23
5.23544,1.8313e-23,1.8313e-23
5.24051,1.74089e-23,1.74089e-23
5.24557,1.65493e-23,1.65493e-23
5.25063,1.57323e-23,1.57323e-23
5.2557,1.49555e-23,1.49555e-23
5.26076,1.42171e-23,1.42171e-23
5.26582,1.35152e-23,1.35152e-23
5.27089,1.28479e-23,1.28479e-23
5.27595,1.22136e-23,1.22136e-23
5.28101,1.16106e-23,1.16106e-23
5.28608,1.10373e-23,1.10373e-23
5.29114,1.04924e-23,1.04924e-23
5.2962,9.97435e-24,9.97435e-24
5.30127,9.48189e-24,9.48189e-24
5.30633,9.01375e-24,9.01375e-24
5.31139,8.56872e-24,8.56872e-24
5.31646,8.14566e-24,8.14566e-24
5.32152,7.74349e-24,7.74349e-24
5.32658,7.36117e-24,7.36117e-24
5.33165,6.99774e-24,6.99774e-24
5.33671,6.65224e-24,6.65224e-24
5.34177,6.3238e-24,6.3238e-24
5.34684,6.01158e-24,6.01158e-24
5.3519,5.71477e-24,5.71477e-24
5.35696,5.43262e-24,5.43262e-24
5.36203,5.1644e-24,5.1644e-24
5.36709,4.90942e-24,4.90942e-24
5.37215,4.66703e-24,4.66703e-24
5.37722,4.43661e-24,4.43661e-24
5.38228,4.21756e-24,4.21756e-24
5.38734,4.00933e-24,4.00933e-24
5.39241,3.81138e-24,3.81138e-24
5.39747,3.6232e-24,3.6232e-24
5.40253,3.44432e-24,3.44432e-24
5.40759,3.27426e-24,3.27426e-24
5.41266,3.1126e-24,3.1126e-24
5.41772,2.95893e-24,2.95893e-24
5.42278,2.81284e-24,2.81284e-24
5.42785,2.67396e-24,2.67396e-24
5.43291,2.54194e-24,2.54194e-24
5.43797,2.41644e-24,2.41644e-24
5.44304,2.29713e-24,2.29713e-24
5.4481,2.18372e-24,2.18372e-24
5.45316,2.0759e-24,2.0759e-24
5.45823,1.97341e-24,1.97341e-24
5.46329,1.87598e-24,1.87598e-24
5.46835,1.78336e-24,1.78336e-24
5.47342,1.69531e-24,1.69531e-24
5.47848,1.61161e-24,1.61161e-24
5.48354,1.53204e-24,1.53204e-24
5.48861,1.4564e-24,1.4564e-24
5.49367,1.38449e-24,1.38449e-24
5.49873,1.31614e-24,1.31614e-24
5.5038,1.25116e-24,1.25116e-24
5.50886,1.18938e-24,1.18938e-24
5.51392,1.13066e-24,1.13066e-24
5.51899,1.07484e-24,1.07484e-24
5.52405,1.02177e-24,1.02177e-24
5.52911,9.71322e-25,9.71322e-25
5.53418,9.23366e-25,9.23366e-25
5.53924,8.77777e-25,8.77777e-25
5.5443,8.34439e-25,8.34439e-25
5.54937,7.93241e-25,7.93241e-25
5.55443,7.54076e-25,7.54076e-25
5.55949,7.16846e-25,7.16846e-25
5.56456,6.81453e-25,6.81453e-25
5.56962,6.47808e-25,6.47808e-25
5.57468,6.15825e-25,6.15825e-25
5.57975,5.8542e-25,5.8542e-25
5.58481,5.56516e-25,5.56516e-25
5.58987,5.2904e-25,5.2904e-25
5.59494,5.0292e-25,5.0292e-25
5.6,4.78089e-25,4.78089e-25
5.60506,4.54485e-25,4.54485e-25
5.61013,4.32046e-25,4.32046e-25
5.61519,4.10715e-25,4.10715e-25
5.62025,3.90437e-25,3.90437e-25
5.62532,3.7116e-25,3.7116e-25
5.63038,3.52835e-25,3.52835e-25
5.63544,3.35415e-25,3.35415e-25
5.64051,3.18854e-25,3.18854e-25
5.64557,3.03112e-25,3.03112e-25
5.65063,2.88146e-25,2.88146e-25
5.6557,2.7392e-25,2.7392e-25
5.66076,2.60396e-25,2.60396e-25
5.66582,2.47539e-25,2.47539e-25
5.67089,2.35318e-25,2.35318e-25
5.67595,2.237e-25,2.237e-25
5.68101,2.12655e-25,2.12655e-25
5.68608,2.02156e-25,2.02156e-25
5.69114,1.92175e-25,1.92175e-25
5.6962,1.82687e-25,1.82687e-25
5.70127,1.73667e-25,1.73667e-25
5.70633,1.65093e-25,1.65093e-25
5.71139,1.56942e-25,1.56942e-25
5.71646,1.49193e-25,1.49193e-25
5.72152,1.41827e-25,1.41827e-25
5.72658,1.34825e-25,1.34825e-25
5.73165,1.28168e-25,1.28168e-25
5.73671,1.2184e-25,1.2184e-25
5.74177,1.15824e-25,1.15824e-25
5.74684,1.10106e-25,1.10106e-25
5.7519,1.0467e-25,1.0467e-25
5.75696,9.9502e-26,9.9502e-26
5.76203,9.45893e-26,9.45893e-26
5.76709,8.99192e-26,8.99192e-26
5.77215,8.54797e-26,8.54797e-26
5.77722,8.12593e-26,8.12593e-26
5.78228,7.72474e-26,7.72474e-26
5.78734,7.34335e-26,7.34335e-26
5.79241,6.98079e-26,6.98079e-26
5.79747,6.63613e-26,6.63613e-26
5.80253,6.30849e-26,6.30849e-26
5.80759,5.99702e-26,5.99702e-26
5.81266,5.70093e-26,5.70093e-26
5.81772,5.41947e-26,5.41947e-26
5.82278,5.15189e-26,5.15189e-26
5.82785,4.89753e-26,4.89753e-26
5.83291,4.65573e-26,4.65573e-26
5.83797,4.42586e-26,4.42586e-26
5.84304,4.20735e-26,4.20735e-26
5.8481,3.99962e-26,3.99962e-26
5.85316,3.80215e-26,3.80215e-26
5.85823,3.61443e-26,3.61443e-26
5.86329,3.43598e-26,3.43598e-26
5.86835,3.26633e-26,3.26633e-26
5.87342,3.10507e-26,3.10507e-26
5.87848,2.95176e-26,2.95176e-26
5.88354,2.80603e-26,2.80603e-26
5.88861,2.66749e-26,2.66749e-26
5.89367,2.53579e-26,2.53579e-26
5.89873,2.41059e-26,2.41059e-26
5.9038,2.29157e-26,2.29157e-26
5.90886,2.17843e-26,2.17843e-26
5.91392,2.07088e-26,2.07088e-26
5.91899,1.96863e-26,1.96863e-26
5.92405,1.87144e-26,1.87144e-26
5.92911,1.77904e-26,1.77904e-26
5.93418,1.6912e-26,1.6912e-26
5.93924,1.6077e-26,1.6077e-26
5.9443,1.52833e-26,1.52833e-26
5.94937,1.45287e-26,1.45287e-26
5.95443,1.38114e-26,1.38114e-26
5.95949,1.31295e-26,1.31295e-26
5.96456,1.24813e-26,1.24813e-26
5.96962,1.1865e-26,1.1865e-26
5.97468,1.12792e-26,1.12792e-26
5.97975,1.07223e-26,1.07223e-26
5.98481,1.01929e-26,1.01929e-26
5.98987,9.6897e-27,9.6897e-27
5.99494,9.21129e-27,9.21129e-27
6,8.75651e-27,8.75651e-27
